1,Isaak,Burge,iburge0@wikimedia.org,Male,134.176.141.74
2,Gaspar,Filipponi,gfilipponi1@pinterest.com,Male,124.1.232.244
3,Maggy,Cuel,mcuel2@utexas.edu,Female,111.14.202.42
4,Junina,Bridgeland,jbridgeland3@wordpress.com,Female,38.104.12.130
5,Rae,Vasilyev,rvasilyev4@independent.co.uk,Female,99.127.140.189
6,Gloria,Hemshall,ghemshall5@soup.io,Female,236.185.194.196
7,Barnett,Curado,bcurado6@bing.com,Male,40.145.24.3
8,Lexie,Engledow,lengledow7@japanpost.jp,Female,233.51.24.82
9,Elmer,Lebarree,elebarree8@virginia.edu,Male,75.80.32.29
10,Ave,Bellee,abellee9@list-manage.com,Male,62.62.11.151
11,Matt,Ormesher,mormeshera@woothemes.com,Bigender,137.26.3.140
12,Boris,Ondrak,bondrakb@businessweek.com,Male,14.49.95.19
13,Nancy,Croley,ncroleyc@geocities.jp,Female,226.78.42.227
14,Obadias,Cisec,ocisecd@epa.gov,Male,79.177.106.40
15,Alia,Fundell,afundelle@ox.ac.uk,Female,138.187.212.202
16,Cheri,Halcro,chalcrof@prnewswire.com,Non-binary,161.232.255.208
17,Cherey,Le Pine,clepineg@e-recht24.de,Female,178.239.53.38
18,Faina,Bradnick,fbradnickh@parallels.com,Female,255.138.165.254
19,Torey,Fahy,tfahyi@51.la,Male,39.203.66.163
20,Ernie,Jencken,ejenckenj@opensource.org,Male,33.184.26.65
21,Carlen,Dils,cdilsk@list-manage.com,Female,249.149.71.231
22,Brandyn,Iacobo,biacobol@tiny.cc,Male,8.105.26.148
23,Donna,Shirland,dshirlandm@patch.com,Female,50.215.79.138
24,Lorianna,Botten,lbottenn@soundcloud.com,Female,164.84.255.44
25,Pauly,Skarin,pskarino@cargocollective.com,Female,196.114.205.203
26,Angelo,Palomba,apalombap@blogspot.com,Male,135.250.15.19
27,Murdock,Gregolotti,mgregolottiq@hp.com,Male,224.63.103.255
28,Ophelia,Cisco,ociscor@linkedin.com,Non-binary,239.109.89.89
29,Lu,Lansberry,llansberrys@cbc.ca,Female,62.96.163.145
30,Meryl,Fardy,mfardyt@utexas.edu,Polygender,58.172.39.83
31,Wendi,Bourcq,wbourcqu@yandex.ru,Female,89.52.249.86
32,Vitoria,Gullane,vgullanev@aol.com,Female,215.116.46.233
33,Shandy,Micklewicz,smicklewiczw@ft.com,Female,27.43.223.225
34,Yorgo,Crass,ycrassx@dion.ne.jp,Male,153.98.192.94
35,Callean,Prati,cpratiy@census.gov,Male,123.5.219.196
36,Emmy,Jaspar,ejasparz@usatoday.com,Female,15.81.135.33
37,Casey,Quilkin,cquilkin10@clickbank.net,Male,254.83.72.143
38,Glad,Carratt,gcarratt11@kickstarter.com,Female,25.156.210.79
39,Berkly,Caunt,bcaunt12@stumbleupon.com,Male,26.191.141.35
40,Hulda,Brisley,hbrisley13@reverbnation.com,Female,6.197.220.157
41,Biron,Baise,bbaise14@lycos.com,Male,186.33.142.177
42,Dasi,Leer,dleer15@home.pl,Female,222.105.180.167
43,Lindsay,Greenwell,lgreenwell16@taobao.com,Female,208.56.45.130
44,Gino,Bruckental,gbruckental17@japanpost.jp,Male,27.164.80.67
45,Emmi,Sullens,esullens18@cnet.com,Female,252.193.177.202
46,Roderigo,Maypowder,rmaypowder19@cpanel.net,Male,62.177.132.52
47,Carena,Vedekhin,cvedekhin1a@google.com,Female,59.75.251.125
48,Elane,Tither,etither1b@miibeian.gov.cn,Female,113.217.190.125
49,Ray,Mummery,rmummery1c@paginegialle.it,Genderfluid,151.143.240.121
50,Freemon,Trenaman,ftrenaman1d@merriam-webster.com,Male,74.254.13.242
51,Anthiathia,Schoolfield,aschoolfield1e@sitemeter.com,Female,221.94.176.174
52,Edward,Blewis,eblewis1f@ifeng.com,Male,163.117.41.137
53,Fey,Bootes,fbootes1g@google.com.hk,Female,248.219.255.88
54,Arliene,Tudge,atudge1h@twitpic.com,Female,140.14.9.64
55,Esma,Trow,etrow1i@ifeng.com,Female,253.165.222.91
56,Cornelle,Loadwick,cloadwick1j@wsj.com,Female,248.11.115.41
57,Inesita,Paszek,ipaszek1k@who.int,Female,126.239.131.111
58,Brietta,Jeannot,bjeannot1l@blog.com,Female,209.129.208.78
59,Anjela,Petrello,apetrello1m@creativecommons.org,Female,176.147.54.210
60,Borden,Chaldecott,bchaldecott1n@mediafire.com,Male,197.98.77.32
61,Catriona,Scalia,cscalia1o@ftc.gov,Female,25.188.44.174
62,Ruthi,Caze,rcaze1p@pen.io,Female,96.235.33.107
63,Miquela,Holdin,mholdin1q@cocolog-nifty.com,Agender,196.190.117.249
64,Christa,MacFadzean,cmacfadzean1r@soundcloud.com,Female,116.220.127.40
65,Melodee,Knagges,mknagges1s@mayoclinic.com,Bigender,143.202.83.221
66,Ali,Peddersen,apeddersen1t@joomla.org,Female,170.2.138.225
67,Granger,Caughtry,gcaughtry1u@a8.net,Male,240.170.136.189
68,Maryrose,Draysey,mdraysey1v@cocolog-nifty.com,Female,155.156.58.168
69,Jeannette,Busst,jbusst1w@marriott.com,Female,69.223.104.98
70,Bethina,Oglevie,boglevie1x@statcounter.com,Female,212.254.10.31
71,Katherina,Songust,ksongust1y@gov.uk,Female,132.57.160.77
72,Zelma,Gogay,zgogay1z@wikispaces.com,Female,64.141.120.71
73,Tonye,Fortun,tfortun20@go.com,Female,18.229.76.103
74,Noel,Kleinmintz,nkleinmintz21@seesaa.net,Female,144.79.167.218
75,Gearalt,Probbings,gprobbings22@nationalgeographic.com,Male,211.208.122.19
76,Dona,Polet,dpolet23@indiegogo.com,Female,102.209.211.98
77,Rivalee,Heinonen,rheinonen24@usgs.gov,Female,92.161.176.53
78,Dante,Tabard,dtabard25@netlog.com,Polygender,36.45.155.160
79,Cass,Harman,charman26@google.de,Female,91.140.180.84
80,Joaquin,Poulglais,jpoulglais27@earthlink.net,Male,150.59.90.167
81,Ninette,Laboune,nlaboune28@blogs.com,Female,239.243.182.137
82,Herc,Taillant,htaillant29@uiuc.edu,Male,230.229.190.136
83,Kyrstin,Chase,kchase2a@noaa.gov,Female,157.206.231.125
84,Meriel,Struttman,mstruttman2b@redcross.org,Female,48.118.120.6
85,Brantley,Faircliffe,bfaircliffe2c@apple.com,Male,46.229.147.18
86,Saundra,Vasyagin,svasyagin2d@skype.com,Male,40.252.192.213
87,Millie,Dyke,mdyke2e@mayoclinic.com,Female,171.165.106.74
88,Hodge,Garforth,hgarforth2f@yolasite.com,Male,123.164.81.143
89,Emylee,Schmuhl,eschmuhl2g@soup.io,Polygender,122.223.184.24
90,Zebulen,Danzey,zdanzey2h@google.com.br,Polygender,71.129.72.175
91,Arni,Fuzzard,afuzzard2i@dell.com,Male,139.105.79.93
92,Koo,Puddicombe,kpuddicombe2j@si.edu,Bigender,152.213.59.95
93,Kary,Roache,kroache2k@wisc.edu,Female,104.162.204.183
94,Kimberlee,Somerlie,ksomerlie2l@flickr.com,Female,253.182.199.204
95,Ken,Joysey,kjoysey2m@nydailynews.com,Male,51.162.221.63
96,Domini,MacGettigen,dmacgettigen2n@businessinsider.com,Female,255.235.206.16
97,Papageno,Still,pstill2o@xing.com,Male,170.51.52.46
98,Dalston,Wonfor,dwonfor2p@salon.com,Male,81.99.208.83
99,Fayina,Joisce,fjoisce2q@huffingtonpost.com,Female,37.145.44.60
100,Shoshanna,Grundell,sgrundell2r@g.co,Female,16.239.17.176
101,Obidiah,Scheu,oscheu2s@newsvine.com,Male,159.2.249.98
102,Angie,Pochet,apochet2t@foxnews.com,Female,128.51.87.142
103,Vic,Pabel,vpabel2u@sogou.com,Male,36.119.130.120
104,Gina,Peirson,gpeirson2v@hc360.com,Female,203.143.135.63
105,Hamlin,Kimblin,hkimblin2w@dell.com,Male,192.194.27.32
106,Leland,Foxten,lfoxten2x@cbsnews.com,Female,11.73.152.6
107,Willem,Lawty,wlawty2y@free.fr,Male,56.210.91.65
108,Orelee,Sherrocks,osherrocks2z@dot.gov,Female,119.89.191.168
109,Kahlil,Gravenor,kgravenor30@simplemachines.org,Male,14.202.121.159
110,Barney,Logg,blogg31@dedecms.com,Male,136.254.248.246
111,Joye,O'Sculley,josculley32@ibm.com,Female,92.182.172.203
112,Scarface,Aitkin,saitkin33@hp.com,Genderqueer,144.40.14.197
113,Kathleen,Frail,kfrail34@odnoklassniki.ru,Female,180.91.233.154
114,Othilie,Hencke,ohencke35@xrea.com,Female,118.126.27.87
115,Sondra,Dalgety,sdalgety36@bloglines.com,Female,42.118.244.240
116,Frederigo,Treslove,ftreslove37@wix.com,Male,126.195.245.17
117,Peder,Fawcett,pfawcett38@usatoday.com,Genderfluid,158.237.135.29
118,Joanie,Jugging,jjugging39@nationalgeographic.com,Female,31.196.208.31
119,Robin,Sacaze,rsacaze3a@mapquest.com,Genderfluid,251.211.229.177
120,Pepe,Bendon,pbendon3b@state.tx.us,Male,80.11.85.157
121,Fidelia,Irce,firce3c@icio.us,Female,152.97.156.205
122,Germaine,Soltan,gsoltan3d@telegraph.co.uk,Male,162.183.58.46
123,Maurise,Barbey,mbarbey3e@furl.net,Male,211.242.184.139
124,Khalil,Sickling,ksickling3f@goodreads.com,Male,236.76.248.43
125,Bill,Hourston,bhourston3g@ehow.com,Male,13.248.167.42
126,Germana,Asey,gasey3h@yahoo.co.jp,Female,152.67.14.114
127,Dayna,Wichard,dwichard3i@yellowbook.com,Female,158.222.142.61
128,Eben,Sapson,esapson3j@yahoo.com,Male,19.196.80.118
129,Jeffry,Tembey,jtembey3k@hexun.com,Male,242.137.250.231
130,Guinevere,Yearns,gyearns3l@nymag.com,Female,211.61.207.89
131,Dennison,Kingcott,dkingcott3m@indiatimes.com,Genderqueer,190.153.125.48
132,Lothaire,Castillou,lcastillou3n@senate.gov,Male,176.40.0.174
133,Chaddy,Consterdine,cconsterdine3o@ox.ac.uk,Male,72.212.188.0
134,Hilary,Purkess,hpurkess3p@sun.com,Female,188.223.67.162
135,Robbin,Dundridge,rdundridge3q@unblog.fr,Female,26.59.51.133
136,Anita,Peert,apeert3r@ebay.co.uk,Female,44.169.180.251
137,Mayor,Finci,mfinci3s@illinois.edu,Male,246.20.180.114
138,Brianne,Patis,bpatis3t@dion.ne.jp,Female,192.185.64.20
139,Frannie,Fairlaw,ffairlaw3u@tuttocitta.it,Non-binary,161.34.199.227
140,Ginni,McFayden,gmcfayden3v@blogs.com,Female,210.168.208.94
141,Walther,Cordier,wcordier3w@gizmodo.com,Male,31.107.240.106
142,Bordy,Palle,bpalle3x@sogou.com,Male,152.116.30.118
143,Flint,Angrave,fangrave3y@free.fr,Genderqueer,68.71.163.108
144,Zollie,Tockell,ztockell3z@gizmodo.com,Agender,159.119.16.195
145,Tabby,Jessop,tjessop40@harvard.edu,Female,238.100.95.232
146,Cleavland,Kigelman,ckigelman41@slate.com,Male,232.94.87.20
147,Norine,Wyer,nwyer42@gravatar.com,Female,189.159.214.107
148,Cahra,Hellicar,chellicar43@apple.com,Female,49.151.159.76
149,Liv,Nickolls,lnickolls44@miitbeian.gov.cn,Female,141.16.241.200
150,Alejandro,Kobpa,akobpa45@pbs.org,Male,199.173.145.201
151,Jennica,Martusov,jmartusov46@angelfire.com,Female,127.104.105.208
152,Faunie,Ouldcott,fouldcott47@pbs.org,Female,48.199.238.20
153,Hy,Bettenson,hbettenson48@instagram.com,Male,134.168.190.251
154,Ruggiero,Shoebridge,rshoebridge49@freewebs.com,Male,242.30.62.68
155,Lorettalorna,Huckel,lhuckel4a@nasa.gov,Agender,124.227.135.135
156,Melicent,McKilroe,mmckilroe4b@aol.com,Female,112.0.5.87
157,Bennie,Williams,bwilliams4c@samsung.com,Male,135.2.68.135
158,Tynan,Sellack,tsellack4d@etsy.com,Male,92.96.22.192
159,Barri,Layson,blayson4e@theglobeandmail.com,Male,198.172.6.24
160,Mollie,Mullins,mmullins4f@simplemachines.org,Female,58.201.21.215
161,Carie,McLenaghan,cmclenaghan4g@ca.gov,Female,173.87.143.14
162,Leonie,Childers,lchilders4h@si.edu,Female,161.239.152.33
163,Dagny,Ellse,dellse4i@cbc.ca,Male,12.1.156.228
164,Emilie,Cawthery,ecawthery4j@unblog.fr,Female,70.185.24.17
165,Brnaba,Brookshaw,bbrookshaw4k@youtu.be,Male,76.121.173.209
166,Greggory,Rediers,grediers4l@yahoo.com,Male,187.224.17.69
167,Foster,Wareing,fwareing4m@posterous.com,Male,204.78.32.44
168,Vachel,McGeachie,vmcgeachie4n@1688.com,Male,166.91.8.69
169,Jo-anne,Reddington,jreddington4o@msu.edu,Bigender,88.167.83.146
170,Elijah,Lawland,elawland4p@adobe.com,Male,76.182.199.222
171,Maggy,Filpo,mfilpo4q@google.fr,Female,232.130.92.82
172,Rycca,Guillart,rguillart4r@nasa.gov,Bigender,104.122.104.33
173,Keely,Shawcross,kshawcross4s@princeton.edu,Female,184.234.85.212
174,Vilhelmina,Eschalotte,veschalotte4t@cnn.com,Female,228.4.198.226
175,Harley,Cuming,hcuming4u@uol.com.br,Female,75.145.249.138
176,Bernadene,Woodward,bwoodward4v@surveymonkey.com,Agender,132.155.143.36
177,Odilia,Summerly,osummerly4w@usgs.gov,Female,227.68.48.253
178,Gustie,Giannassi,ggiannassi4x@weather.com,Female,236.181.119.17
179,Tony,Shea,tshea4y@pen.io,Male,173.90.68.126
180,Nita,McDonnell,nmcdonnell4z@nytimes.com,Female,4.166.227.143
181,Geoffry,Barg,gbarg50@wp.com,Male,165.123.158.21
182,Desiri,Hollyman,dhollyman51@ucoz.ru,Female,95.229.122.18
183,Dari,Daye,ddaye52@ycombinator.com,Female,221.247.85.64
184,Kimball,Aleksashin,kaleksashin53@hatena.ne.jp,Male,36.4.100.205
185,Davon,Kynnd,dkynnd54@kickstarter.com,Male,26.185.1.89
186,Ira,Cranney,icranney55@is.gd,Male,138.80.18.113
187,Kellie,Lodin,klodin56@ezinearticles.com,Female,69.227.173.234
188,Theo,Shelmerdine,tshelmerdine57@epa.gov,Male,241.114.108.53
189,Kary,Schutte,kschutte58@cyberchimps.com,Female,43.173.105.173
190,Lesli,Thorby,lthorby59@msn.com,Female,57.221.192.8
191,Morgan,Schuck,mschuck5a@un.org,Female,78.163.126.218
192,Jayson,Goodee,jgoodee5b@who.int,Male,144.12.68.186
193,Teresina,Sullly,tsullly5c@nationalgeographic.com,Female,19.126.133.57
194,Giacinta,Brear,gbrear5d@hud.gov,Genderfluid,193.173.132.23
195,Ashely,McEntegart,amcentegart5e@mashable.com,Polygender,20.199.2.141
196,Gonzales,Danielski,gdanielski5f@arstechnica.com,Male,79.41.218.192
197,Dosi,Douty,ddouty5g@china.com.cn,Female,240.89.113.242
198,Lizette,Hourstan,lhourstan5h@gnu.org,Female,121.108.61.158
199,Flor,Shapira,fshapira5i@netlog.com,Female,107.91.27.11
200,Nathanil,Alwen,nalwen5j@nytimes.com,Non-binary,78.219.252.210
201,Quinta,Longcaster,qlongcaster5k@elegantthemes.com,Female,25.47.238.168
202,Tedi,Burnsall,tburnsall5l@twitpic.com,Female,66.80.228.98
203,Avis,Perrigo,aperrigo5m@uiuc.edu,Female,186.168.213.152
204,Cleveland,Letrange,cletrange5n@timesonline.co.uk,Male,19.22.198.204
205,Norri,Tukesby,ntukesby5o@surveymonkey.com,Female,136.206.219.9
206,Ginnie,Bartosch,gbartosch5p@youtube.com,Female,3.245.235.169
207,Chiquita,D'Arrigo,cdarrigo5q@tumblr.com,Female,64.12.98.74
208,Shannan,Toten,stoten5r@list-manage.com,Male,68.51.199.255
209,Tildy,Deadman,tdeadman5s@usda.gov,Female,117.67.29.198
210,Sullivan,Aizikovitch,saizikovitch5t@google.fr,Male,94.14.238.225
211,Cull,Middas,cmiddas5u@4shared.com,Male,207.15.178.74
212,Beck,Blanchette,bblanchette5v@cbslocal.com,Male,184.64.93.161
213,Boonie,Nast,bnast5w@feedburner.com,Male,210.35.1.106
214,Filip,Codron,fcodron5x@angelfire.com,Male,182.66.110.179
215,Licha,Matthaus,lmatthaus5y@yolasite.com,Female,131.230.145.64
216,Brinn,Tunnicliff,btunnicliff5z@mit.edu,Female,216.26.8.52
217,Hadlee,Pawling,hpawling60@qq.com,Male,227.246.165.111
218,Katee,Franzini,kfranzini61@about.me,Female,200.169.85.126
219,Moina,Berntssen,mberntssen62@artisteer.com,Female,201.45.237.11
220,Viola,Hinge,vhinge63@boston.com,Female,246.74.185.119
221,Chev,Fallens,cfallens64@privacy.gov.au,Male,186.94.148.138
222,Rorke,Ondrus,rondrus65@samsung.com,Male,224.85.68.212
223,Cherilyn,Poston,cposton66@businessweek.com,Female,54.63.181.169
224,Jermayne,Moylan,jmoylan67@hao123.com,Male,89.166.86.35
225,Laurette,Lashmar,llashmar68@google.es,Female,102.57.241.173
226,Ethelred,Riddiough,eriddiough69@theatlantic.com,Male,247.114.212.194
227,Barbe,Bartol,bbartol6a@nsw.gov.au,Female,189.85.180.187
228,Micky,Boagey,mboagey6b@arstechnica.com,Male,148.244.132.132
229,Jaclin,Harker,jharker6c@clickbank.net,Female,250.137.157.221
230,Donni,Figger,dfigger6d@webeden.co.uk,Female,155.62.176.209
231,Cassie,Kubach,ckubach6e@stanford.edu,Male,56.94.242.128
232,Durant,Tiffany,dtiffany6f@themeforest.net,Male,209.221.153.204
233,Nealson,Oylett,noylett6g@is.gd,Male,131.39.205.163
234,Catlaina,Thurgood,cthurgood6h@digg.com,Female,140.21.177.243
235,Friedrich,Knibb,fknibb6i@drupal.org,Male,199.91.104.111
236,Osmund,Ogers,oogers6j@senate.gov,Male,143.136.132.169
237,Bendick,Yitzhakof,byitzhakof6k@1688.com,Male,97.26.226.179
238,Vanny,Holgan,vholgan6l@blogger.com,Female,134.232.47.125
239,Holden,Dunsire,hdunsire6m@techcrunch.com,Male,116.178.148.89
240,Winthrop,Phalip,wphalip6n@netscape.com,Male,17.25.136.20
241,Stafford,Pummell,spummell6o@economist.com,Male,192.170.29.255
242,Merle,Hark,mhark6p@utexas.edu,Male,145.75.179.219
243,Aubine,Ransfield,aransfield6q@pen.io,Female,97.25.61.250
244,Cornie,Hub,chub6r@nature.com,Male,206.246.59.41
245,Kaela,Priscott,kpriscott6s@go.com,Female,171.104.4.243
246,Kissee,Rubra,krubra6t@e-recht24.de,Female,222.166.108.251
247,Nan,Quinn,nquinn6u@topsy.com,Female,181.142.111.44
248,Grannie,Hacquel,ghacquel6v@nyu.edu,Male,38.9.7.41
249,Lennie,Catley,lcatley6w@pagesperso-orange.fr,Male,127.202.94.117
250,Devina,Aspinal,daspinal6x@nationalgeographic.com,Female,79.116.64.157
251,Joline,Gibbs,jgibbs6y@amazon.de,Female,155.110.136.229
252,Noble,Ravenhills,nravenhills6z@redcross.org,Male,243.109.111.3
253,Giusto,Kelling,gkelling70@i2i.jp,Male,177.36.176.0
254,Aaren,Braznell,abraznell71@cloudflare.com,Female,79.9.194.34
255,Mina,Gilliland,mgilliland72@businessinsider.com,Genderqueer,196.125.111.25
256,Peirce,Mathivon,pmathivon73@indiegogo.com,Male,218.242.236.34
257,Tarah,Sheed,tsheed74@japanpost.jp,Female,14.232.246.37
258,Jody,Dwyer,jdwyer75@bluehost.com,Genderfluid,148.169.29.114
259,Melva,Allingham,mallingham76@mapy.cz,Female,135.62.188.252
260,Cart,Le Port,cleport77@themeforest.net,Male,215.47.218.204
261,Amye,Cowndley,acowndley78@nymag.com,Female,143.195.157.135
262,Marlee,Cadman,mcadman79@addtoany.com,Female,186.158.51.244
263,Jilleen,Belliveau,jbelliveau7a@mediafire.com,Female,255.96.189.202
264,Leonie,Wildman,lwildman7b@youtube.com,Female,184.87.247.21
265,Leif,Frohock,lfrohock7c@globo.com,Male,217.16.15.37
266,Sibley,Yanyushkin,syanyushkin7d@japanpost.jp,Female,209.186.218.191
267,Addison,McCraw,amccraw7e@altervista.org,Male,19.113.35.74
268,Sascha,Dunlop,sdunlop7f@github.com,Male,241.147.209.223
269,Gusti,Huson,ghuson7g@businesswire.com,Female,78.215.172.217
270,Perry,Withinshaw,pwithinshaw7h@about.me,Male,127.2.44.28
271,Ruttger,Mollitt,rmollitt7i@oakley.com,Male,35.231.67.11
272,Murry,Gabrieli,mgabrieli7j@upenn.edu,Male,61.215.237.7
273,Claudian,Grossman,cgrossman7k@washingtonpost.com,Male,57.70.43.31
274,Ingar,Le Bosse,ilebosse7l@tuttocitta.it,Male,54.89.245.5
275,Kerri,Cheney,kcheney7m@bravesites.com,Female,68.52.195.225
276,Leonard,Barenski,lbarenski7n@edublogs.org,Male,97.211.79.74
277,Meggie,Hugnet,mhugnet7o@amazon.co.jp,Female,193.100.249.225
278,Quint,Bang,qbang7p@photobucket.com,Male,134.111.22.67
279,Hyacinthe,Menichelli,hmenichelli7q@pagesperso-orange.fr,Female,234.239.119.229
280,Clem,Giottini,cgiottini7r@msn.com,Male,121.84.220.154
281,Mason,Gipson,mgipson7s@paypal.com,Male,30.218.148.1
282,Rhys,Keetley,rkeetley7t@dell.com,Male,252.99.138.153
283,Winnifred,Banford,wbanford7u@upenn.edu,Female,144.44.45.169
284,Jacqueline,Allom,jallom7v@youtube.com,Female,109.150.202.98
285,Lynette,Lanfranconi,llanfranconi7w@zdnet.com,Female,232.89.185.90
286,Wald,Lissandre,wlissandre7x@va.gov,Male,198.175.3.150
287,Ruthy,Vardy,rvardy7y@cocolog-nifty.com,Female,117.210.20.159
288,Tad,Jereatt,tjereatt7z@lycos.com,Non-binary,247.183.30.213
289,Dionysus,Darrel,ddarrel80@ocn.ne.jp,Bigender,194.227.169.70
290,Hieronymus,Waiting,hwaiting81@mlb.com,Male,15.196.33.197
291,Archie,Dalinder,adalinder82@a8.net,Male,125.180.70.57
292,Benetta,Smolan,bsmolan83@newyorker.com,Female,21.69.89.87
293,James,Gianettini,jgianettini84@wisc.edu,Male,15.128.51.241
294,Viva,Dodamead,vdodamead85@bigcartel.com,Female,135.52.6.20
295,Tisha,Blankhorn,tblankhorn86@aboutads.info,Female,65.187.140.82
296,Natty,Chasles,nchasles87@github.io,Female,46.76.69.198
297,Wendi,Karpeev,wkarpeev88@weather.com,Female,138.55.93.44
298,Raymond,Valdes,rvaldes89@imageshack.us,Male,74.169.47.191
299,Maddy,Codrington,mcodrington8a@typepad.com,Male,251.231.198.101
300,Dyanna,Elies,delies8b@techcrunch.com,Female,235.29.236.31
301,Cheston,Tale,ctale8c@bravesites.com,Male,98.57.95.57
302,Baryram,Showalter,bshowalter8d@state.tx.us,Male,166.245.71.154
303,Querida,Fitzackerley,qfitzackerley8e@technorati.com,Female,102.6.16.228
304,Shepperd,Imlaw,simlaw8f@lulu.com,Male,192.232.242.110
305,Phaidra,Stephens,pstephens8g@uol.com.br,Female,48.175.234.194
306,Coraline,Allenson,callenson8h@fema.gov,Polygender,112.111.97.253
307,Dill,Livesey,dlivesey8i@salon.com,Genderqueer,52.172.65.173
308,Dunstan,Housam,dhousam8j@domainmarket.com,Male,216.0.136.177
309,Theda,Catonnet,tcatonnet8k@hostgator.com,Female,37.103.163.81
310,Sammy,Shearer,sshearer8l@dion.ne.jp,Male,129.216.221.190
311,Suki,Coenraets,scoenraets8m@foxnews.com,Genderfluid,242.200.167.88
312,Kipp,Vinton,kvinton8n@elpais.com,Male,1.210.106.93
313,Garvy,Southern,gsouthern8o@boston.com,Male,63.249.44.216
314,Raina,Favelle,rfavelle8p@yahoo.co.jp,Female,214.219.205.95
315,Marty,Briar,mbriar8q@mediafire.com,Female,237.195.159.72
316,Claudius,Yakovl,cyakovl8r@joomla.org,Male,68.154.179.174
317,Jilly,Rattenberie,jrattenberie8s@imdb.com,Female,168.217.180.125
318,Brooks,Marthen,bmarthen8t@themeforest.net,Female,165.69.116.190
319,Nickie,Quarterman,nquarterman8u@utexas.edu,Genderqueer,42.75.38.233
320,Ayn,Thorneley,athorneley8v@free.fr,Female,20.189.171.177
321,Tuck,Cafe,tcafe8w@bravesites.com,Male,189.164.71.145
322,Darryl,McConway,dmcconway8x@buzzfeed.com,Male,150.32.110.159
323,Cosette,Lourens,clourens8y@china.com.cn,Female,234.111.214.184
324,Odo,Crotty,ocrotty8z@slideshare.net,Male,156.194.106.121
325,Celestia,Matson,cmatson90@mit.edu,Non-binary,17.132.253.125
326,Derril,Isaaksohn,disaaksohn91@guardian.co.uk,Male,15.129.188.59
327,Alfonso,Jory,ajory92@slideshare.net,Male,133.13.114.47
328,Ely,Hollingshead,ehollingshead93@mashable.com,Male,171.57.171.3
329,Gerry,MacNab,gmacnab94@state.tx.us,Male,252.132.43.50
330,Nevil,Veeler,nveeler95@about.me,Male,64.26.8.77
331,Nicki,Pariso,npariso96@google.pl,Female,226.226.131.58
332,Perren,Dobble,pdobble97@woothemes.com,Male,211.181.75.48
333,Fanechka,Risom,frisom98@theguardian.com,Female,160.249.205.235
334,Yvette,Balthasar,ybalthasar99@princeton.edu,Female,95.70.31.213
335,Boot,Messer,bmesser9a@i2i.jp,Male,192.244.17.54
336,Haley,Dangl,hdangl9b@de.vu,Male,84.1.12.184
337,Bondon,Barker,bbarker9c@springer.com,Male,0.198.165.101
338,Rob,Poluzzi,rpoluzzi9d@scientificamerican.com,Male,244.148.248.164
339,Renato,Earry,rearry9e@sourceforge.net,Male,127.196.231.69
340,Murdoch,Cordy,mcordy9f@dot.gov,Male,228.117.234.48
341,Eleanore,Schafer,eschafer9g@lulu.com,Genderqueer,154.112.177.19
342,Joshia,Semiras,jsemiras9h@yale.edu,Male,178.157.195.18
343,Gretal,Samudio,gsamudio9i@ucla.edu,Female,162.153.107.68
344,Ignazio,Nehl,inehl9j@goo.ne.jp,Male,200.31.69.125
345,Camila,Pollicote,cpollicote9k@prweb.com,Female,24.176.123.139
346,Eden,Fouch,efouch9l@ucsd.edu,Female,202.59.0.104
347,Standford,Von Welden,svonwelden9m@webmd.com,Male,214.7.77.245
348,Darryl,Coatman,dcoatman9n@so-net.ne.jp,Agender,84.179.247.80
349,Mannie,Hursthouse,mhursthouse9o@dagondesign.com,Male,26.161.9.54
350,Natal,Mixter,nmixter9p@imageshack.us,Male,21.101.134.132
351,Rudolph,Jewise,rjewise9q@themeforest.net,Male,115.199.96.245
352,Netty,Charsley,ncharsley9r@privacy.gov.au,Bigender,22.106.176.195
353,Ricardo,Hasard,rhasard9s@redcross.org,Male,177.26.166.111
354,Osmund,Petteford,opetteford9t@engadget.com,Male,129.77.29.178
355,Ashla,Geaveny,ageaveny9u@macromedia.com,Female,4.231.130.78
356,Courtnay,Fosdyke,cfosdyke9v@baidu.com,Male,101.227.33.107
357,Arri,Sidle,asidle9w@tripadvisor.com,Male,102.165.4.193
358,Donnie,Loidl,dloidl9x@cbc.ca,Bigender,229.164.210.62
359,Dino,Maiklem,dmaiklem9y@yahoo.co.jp,Male,192.146.158.110
360,Blayne,Jako,bjako9z@skype.com,Male,112.226.93.55
361,Rhiamon,Rutley,rrutleya0@bluehost.com,Female,195.24.68.156
362,Truman,Kirsop,tkirsopa1@cnn.com,Male,207.65.187.4
363,Aimil,Pashenkov,apashenkova2@scribd.com,Female,227.201.108.144
364,Eberto,Jopson,ejopsona3@smugmug.com,Male,255.165.39.245
365,Kane,Bickerstasse,kbickerstassea4@creativecommons.org,Non-binary,194.196.188.164
366,Phoebe,Castiello,pcastielloa5@army.mil,Female,188.231.89.215
367,Shannan,Glasman,sglasmana6@businesswire.com,Male,156.19.26.21
368,Alain,Winscomb,awinscomba7@unc.edu,Male,158.176.38.139
369,Gardy,Karpychev,gkarpycheva8@archive.org,Male,162.6.219.62
370,John,Pymar,jpymara9@webeden.co.uk,Male,117.87.58.146
371,Tiff,Bradberry,tbradberryaa@ameblo.jp,Female,4.184.66.107
372,Josh,Coronas,jcoronasab@google.co.uk,Male,101.96.50.216
373,Beatrix,Blogg,bbloggac@ucoz.com,Female,49.34.216.181
374,Sinclare,Daybell,sdaybellad@trellian.com,Male,97.183.108.231
375,Darn,Grassick,dgrassickae@creativecommons.org,Male,228.175.61.220
376,Thatcher,Spincks,tspincksaf@google.pl,Polygender,175.62.50.6
377,Sherill,Casetta,scasettaag@abc.net.au,Female,246.105.163.159
378,Aigneis,Shermar,ashermarah@epa.gov,Female,28.160.188.128
379,Ker,Aylin,kaylinai@utexas.edu,Male,181.33.96.112
380,Ediva,Whitelaw,ewhitelawaj@nyu.edu,Female,119.24.126.173
381,Yuma,Ealam,yealamak@youtube.com,Male,170.60.250.223
382,Roseann,Anton,rantonal@loc.gov,Female,204.98.175.158
383,Arielle,Coulson,acoulsonam@tinypic.com,Female,196.171.170.161
384,Suzann,Mc Combe,smccombean@github.io,Female,254.44.66.87
385,Barris,Jime,bjimeao@hao123.com,Male,23.122.61.67
386,Alaine,Fairey,afaireyap@microsoft.com,Female,78.175.193.18
387,Benton,Klampk,bklampkaq@arizona.edu,Male,2.127.108.136
388,Tobey,Tather,ttatherar@prweb.com,Female,208.15.105.97
389,Mic,Colmer,mcolmeras@pinterest.com,Male,45.155.63.53
390,Erin,Roach,eroachat@exblog.jp,Female,132.16.138.111
391,Ezmeralda,Guerre,eguerreau@com.com,Bigender,223.37.68.80
392,Muriel,Jennemann,mjennemannav@bloglovin.com,Female,254.67.16.10
393,Binny,Doghartie,bdoghartieaw@ibm.com,Female,241.147.152.203
394,Carter,McFie,cmcfieax@illinois.edu,Male,0.97.136.204
395,Leta,Staines,lstainesay@oakley.com,Female,140.19.157.247
396,Audi,Lorraway,alorrawayaz@csmonitor.com,Female,82.11.101.178
397,Daveta,Deabill,ddeabillb0@meetup.com,Genderqueer,89.217.229.176
398,Rhys,Dahill,rdahillb1@weibo.com,Male,5.119.57.193
399,Ermin,Schettini,eschettinib2@behance.net,Male,225.223.59.129
400,Sissie,Bulpitt,sbulpittb3@hhs.gov,Female,181.150.20.72
401,Brigham,Hudless,bhudlessb4@intel.com,Male,98.61.172.112
402,Etienne,Gurnell,egurnellb5@vinaora.com,Male,119.200.106.222
403,Aloysius,Godwin,agodwinb6@aol.com,Male,140.81.120.51
404,Veronique,Crosfeld,vcrosfeldb7@360.cn,Female,76.217.133.37
405,Raleigh,Collelton,rcolleltonb8@purevolume.com,Male,67.227.54.14
406,Birdie,ducarme,bducarmeb9@zimbio.com,Female,200.121.13.4
407,Mireielle,Coslitt,mcoslittba@slashdot.org,Female,8.19.98.84
408,Conney,Mowsdell,cmowsdellbb@indiatimes.com,Male,17.139.35.2
409,Tori,Rutgers,trutgersbc@dailymotion.com,Female,154.156.205.86
410,Hasheem,Vasyuchov,hvasyuchovbd@edublogs.org,Male,116.103.47.72
411,Sasha,Northedge,snorthedgebe@xrea.com,Male,156.181.42.61
412,Judd,Garraway,jgarrawaybf@google.ca,Male,79.27.108.153
413,Nannie,Jewsbury,njewsburybg@lulu.com,Female,209.112.69.19
414,Justen,Inchcomb,jinchcombbh@google.com,Male,158.212.92.63
415,Elwood,Perigo,eperigobi@eventbrite.com,Male,237.17.32.213
416,Taite,Ives,tivesbj@opensource.org,Male,137.138.200.49
417,Irvine,Hammerberger,ihammerbergerbk@bbb.org,Male,115.152.22.234
418,Klement,Anwell,kanwellbl@so-net.ne.jp,Agender,109.64.169.238
419,Wang,Malyon,wmalyonbm@scribd.com,Male,245.173.19.66
420,Valery,Dyneley,vdyneleybn@skyrock.com,Female,156.45.159.159
421,Maxy,Cornall,mcornallbo@newsvine.com,Non-binary,11.22.224.196
422,Marina,Core,mcorebp@huffingtonpost.com,Female,104.192.165.235
423,Manny,Franschini,mfranschinibq@cloudflare.com,Male,153.28.204.122
424,Christie,Forshaw,cforshawbr@sphinn.com,Male,178.115.99.202
425,Aleta,Cullington,acullingtonbs@irs.gov,Female,26.44.202.156
426,Shanon,Stowe,sstowebt@miibeian.gov.cn,Female,197.187.179.13
427,Kele,Kremer,kkremerbu@addthis.com,Male,47.2.188.31
428,Jan,Archanbault,jarchanbaultbv@google.com.au,Male,184.6.238.40
429,Tory,Dorant,tdorantbw@go.com,Female,4.166.87.250
430,Norbert,Rocks,nrocksbx@so-net.ne.jp,Male,224.1.117.156
431,Inessa,Stocks,istocksby@berkeley.edu,Female,48.61.91.220
432,Mayor,Sheardown,msheardownbz@umich.edu,Male,113.35.139.21
433,Conant,Pfaff,cpfaffc0@hubpages.com,Male,54.48.206.97
434,Tracy,Matthiesen,tmatthiesenc1@amazon.co.uk,Bigender,105.232.44.177
435,Elicia,Kittiman,ekittimanc2@topsy.com,Female,255.41.219.239
436,Rey,Brackpool,rbrackpoolc3@omniture.com,Male,154.178.118.81
437,Cecil,Creese,ccreesec4@slate.com,Male,115.95.40.109
438,Alex,Goldwater,agoldwaterc5@yolasite.com,Male,207.163.112.173
439,Angela,Bartlomieczak,abartlomieczakc6@ucoz.com,Female,141.29.108.164
440,Matthus,Iwanowski,miwanowskic7@marriott.com,Male,119.170.244.217
441,Giordano,Dies,gdiesc8@mtv.com,Male,43.108.14.79
442,Weidar,Fieller,wfiellerc9@plala.or.jp,Polygender,132.206.21.92
443,Olivette,Kitley,okitleyca@blogspot.com,Female,93.191.184.163
444,Jermayne,Kemshell,jkemshellcb@zdnet.com,Male,62.131.209.37
445,Phil,Doige,pdoigecc@cam.ac.uk,Male,28.211.248.165
446,Coleen,Eamer,ceamercd@cdc.gov,Female,42.70.182.157
447,Kean,Kittles,kkittlesce@unicef.org,Male,103.195.140.209
448,Danie,Lesper,dlespercf@theguardian.com,Male,217.190.182.25
449,Quillan,Fairpo,qfairpocg@cdc.gov,Male,45.11.165.143
450,Alfonse,Carlesi,acarlesich@unicef.org,Genderfluid,173.183.55.40
451,Estelle,Large,elargeci@tripadvisor.com,Female,157.100.59.240
452,Meade,Warbey,mwarbeycj@mit.edu,Male,76.208.15.118
453,Correna,Fragino,cfraginock@flavors.me,Non-binary,136.10.163.235
454,Towny,Scorey,tscoreycl@diigo.com,Male,65.161.181.166
455,Trumann,Dracksford,tdracksfordcm@archive.org,Male,130.253.172.78
456,Xever,Vigars,xvigarscn@deviantart.com,Male,212.238.40.250
457,Krystalle,Spillett,kspillettco@meetup.com,Female,115.107.206.67
458,Tobin,Blague,tblaguecp@ihg.com,Male,133.118.151.41
459,Hart,O'Rudden,horuddencq@digg.com,Male,184.255.36.75
460,Jamaal,Chessil,jchessilcr@printfriendly.com,Male,62.198.232.244
461,Anton,Anstead,aansteadcs@issuu.com,Male,30.13.119.65
462,Ignacius,Sallier,isallierct@ox.ac.uk,Male,209.226.126.159
463,Zachariah,Duquesnay,zduquesnaycu@youtube.com,Male,24.189.230.109
464,Melesa,Rawll,mrawllcv@squarespace.com,Female,21.141.9.231
465,Urban,Pudding,upuddingcw@latimes.com,Male,29.202.72.17
466,Norry,Feake,nfeakecx@cpanel.net,Female,54.74.68.40
467,Phillie,Semorad,psemoradcy@aol.com,Non-binary,2.60.168.245
468,Albert,Carmichael,acarmichaelcz@soup.io,Male,85.3.33.123
469,Ferdie,Ricket,fricketd0@yelp.com,Male,243.87.75.25
470,Gare,Goward,ggowardd1@bloglovin.com,Male,35.188.30.81
471,Gibb,Normand,gnormandd2@europa.eu,Male,217.110.97.75
472,Siegfried,Tapscott,stapscottd3@1688.com,Male,1.219.93.206
473,Chucho,Semkins,csemkinsd4@ebay.co.uk,Male,212.115.170.51
474,Kaye,Maystone,kmaystoned5@biglobe.ne.jp,Female,7.97.37.106
475,Mirabelle,Cypler,mcyplerd6@theguardian.com,Female,54.92.120.100
476,Hogan,MacNamee,hmacnameed7@yellowpages.com,Male,207.84.2.192
477,Constanta,Roylance,croylanced8@ibm.com,Female,186.68.61.214
478,Ben,Lobb,blobbd9@google.co.jp,Male,199.34.194.136
479,Marcellus,Swepson,mswepsonda@google.es,Male,21.79.169.123
480,Ulrick,O'Conor,uoconordb@imageshack.us,Male,145.111.201.26
481,Babb,Juniper,bjuniperdc@prweb.com,Female,145.92.214.18
482,Ellerey,Rittmeier,erittmeierdd@cnet.com,Male,180.200.85.127
483,Katerine,Lonie,kloniede@scribd.com,Polygender,65.112.213.11
484,Norris,Von Salzberg,nvonsalzbergdf@apache.org,Male,127.223.29.81
485,Malissia,Mc Giffin,mmcgiffindg@virginia.edu,Female,29.228.196.130
486,Glenine,Morecombe,gmorecombedh@virginia.edu,Female,6.164.157.215
487,Dorthy,Plank,dplankdi@360.cn,Polygender,82.38.130.58
488,Herman,Fortie,hfortiedj@networkadvertising.org,Male,214.12.44.239
489,Elaina,Stamper,estamperdk@sun.com,Female,69.177.151.249
490,Leda,Renison,lrenisondl@prnewswire.com,Female,189.98.224.45
491,Sigismundo,Ullrich,sullrichdm@stumbleupon.com,Male,4.133.43.184
492,Morley,Aldiss,maldissdn@reverbnation.com,Male,101.13.16.72
493,Rock,Goodrum,rgoodrumdo@nydailynews.com,Male,159.46.76.32
494,Allie,Cardiff,acardiffdp@blinklist.com,Bigender,147.49.113.54
495,Aymer,Dodworth,adodworthdq@sogou.com,Male,135.181.201.182
496,Chucho,Murphy,cmurphydr@cocolog-nifty.com,Male,156.46.24.137
497,Darcey,Housin,dhousinds@reuters.com,Female,236.195.56.83
498,Ora,Marusyak,omarusyakdt@theglobeandmail.com,Female,12.143.166.22
499,Korrie,Stripling,kstriplingdu@tmall.com,Female,222.255.19.142
500,Karney,Pitblado,kpitbladodv@creativecommons.org,Male,166.209.122.110
501,Freedman,Siggs,fsiggsdw@gmpg.org,Male,235.34.118.77
502,Berrie,Redsull,bredsulldx@technorati.com,Female,36.22.219.132
503,Wenda,Lidierth,wlidierthdy@g.co,Female,252.241.177.219
504,Gordie,Gravey,ggraveydz@com.com,Male,236.162.83.85
505,Corenda,Grinikhinov,cgrinikhinove0@altervista.org,Female,68.165.171.203
506,Gisela,Joslow,gjoslowe1@apple.com,Female,201.174.169.201
507,Rycca,Kunert,rkunerte2@aboutads.info,Female,65.167.247.179
508,Shanna,Wybrew,swybrewe3@friendfeed.com,Agender,60.190.167.59
509,Ann-marie,McPhaden,amcphadene4@google.es,Female,164.214.96.35
510,Eberto,Stanway,estanwaye5@ucsd.edu,Male,133.74.154.231
511,Gale,Commander,gcommandere6@blinklist.com,Female,102.72.216.74
512,Arvin,Ledgard,aledgarde7@360.cn,Male,177.76.85.97
513,Vi,Danzelman,vdanzelmane8@posterous.com,Female,103.169.98.255
514,Fairleigh,Foss,ffosse9@privacy.gov.au,Male,189.16.150.101
515,Blinny,Bliss,bblissea@phoca.cz,Female,99.0.87.177
516,Winona,Dincke,wdinckeeb@is.gd,Female,104.59.177.71
517,Cherilyn,Scripture,cscriptureec@webmd.com,Female,31.74.243.72
518,Linda,Robiou,lrobioued@canalblog.com,Female,199.102.240.123
519,Loutitia,Kermon,lkermonee@independent.co.uk,Female,237.57.191.163
520,Doyle,Parysiak,dparysiakef@friendfeed.com,Male,52.146.27.157
521,Stanislas,Mingard,smingardeg@jimdo.com,Male,83.162.200.188
522,Cyrille,Abrahmson,cabrahmsoneh@wiley.com,Male,169.74.93.32
523,Rhys,Baudet,rbaudetei@shop-pro.jp,Male,0.194.12.144
524,Norina,Bluck,nbluckej@csmonitor.com,Female,68.203.42.204
525,Linnie,Pawfoot,lpawfootek@oracle.com,Female,135.129.164.101
526,Andrey,Blandford,ablandfordel@mediafire.com,Male,243.181.254.12
527,Katy,Makepeace,kmakepeaceem@theglobeandmail.com,Female,82.12.249.133
528,Lee,McCay,lmccayen@gov.uk,Male,5.13.67.22
529,Connie,Boerder,cboerdereo@sina.com.cn,Male,219.146.158.189
530,Glynis,Vannoort,gvannoortep@gmpg.org,Female,227.211.107.106
531,Gunter,Collingridge,gcollingridgeeq@lycos.com,Bigender,230.34.57.200
532,Osbourn,Kenelin,okeneliner@marriott.com,Male,245.185.20.105
533,Isador,Morratt,imorrattes@histats.com,Male,11.206.153.120
534,Spencer,Mattson,smattsonet@accuweather.com,Male,128.164.120.202
535,Dorolisa,Van Arsdall,dvanarsdalleu@purevolume.com,Female,183.109.14.37
536,Pablo,St Ange,pstangeev@imageshack.us,Male,122.117.130.85
537,Britt,Collyear,bcollyearew@noaa.gov,Male,244.189.188.50
538,Lorette,Mecozzi,lmecozziex@etsy.com,Female,38.195.152.210
539,Buddy,Hearson,bhearsoney@xing.com,Male,84.238.230.222
540,Ellen,Descroix,edescroixez@hexun.com,Non-binary,179.71.175.252
541,Ki,Longbothom,klongbothomf0@yandex.ru,Female,37.79.104.94
542,Chad,Mousdall,cmousdallf1@usa.gov,Female,241.197.205.142
543,Gardner,Dunmore,gdunmoref2@163.com,Male,35.14.116.221
544,Hailee,Fierro,hfierrof3@devhub.com,Female,190.51.115.39
545,Torry,Quirk,tquirkf4@chron.com,Male,125.134.178.118
546,Byrom,Penrose,bpenrosef5@sciencedirect.com,Male,250.160.156.113
547,Fianna,Pidgley,fpidgleyf6@networksolutions.com,Female,170.187.134.3
548,Caroljean,Dungey,cdungeyf7@opera.com,Female,223.34.202.1
549,Ellette,Chardin,echardinf8@ebay.co.uk,Female,134.232.108.186
550,Sheryl,Philpott,sphilpottf9@printfriendly.com,Female,37.166.89.248
551,Brett,Drayn,bdraynfa@google.co.uk,Male,204.108.27.111
552,Reade,Nijssen,rnijssenfb@youtube.com,Male,238.208.52.223
553,Melita,Whines,mwhinesfc@multiply.com,Female,82.121.173.234
554,Hilliary,Hugueville,hhuguevillefd@ucoz.ru,Female,8.213.112.6
555,Gherardo,Farey,gfareyfe@scientificamerican.com,Male,214.140.119.76
556,Clayson,Benny,cbennyff@ibm.com,Male,178.233.244.38
557,Sonnnie,Skaife,sskaifefg@telegraph.co.uk,Female,23.147.221.85
558,Clevey,Laye,clayefh@samsung.com,Male,17.12.215.178
559,Nikolai,Teek,nteekfi@jimdo.com,Male,133.37.244.218
560,Malachi,Brewood,mbrewoodfj@wordpress.com,Genderqueer,132.157.125.126
561,Kirk,Sheekey,ksheekeyfk@squidoo.com,Male,65.192.152.104
562,Elihu,Nodin,enodinfl@fastcompany.com,Non-binary,158.16.172.74
563,Pat,Fairchild,pfairchildfm@icq.com,Female,221.231.179.53
564,Sibylle,Bignal,sbignalfn@amazon.co.jp,Female,88.249.253.251
565,Codie,Corp,ccorpfo@google.es,Male,83.38.21.248
566,Isidora,Aiston,iaistonfp@bandcamp.com,Female,201.63.89.79
567,Marcella,Van,mvanfq@facebook.com,Female,154.88.192.157
568,Doy,Tume,dtumefr@examiner.com,Male,14.95.6.64
569,Wade,Christofor,wchristoforfs@nydailynews.com,Male,73.73.108.12
570,Tymon,Denes,tdenesft@furl.net,Male,158.150.17.249
571,Beret,Meritt,bmerittfu@uol.com.br,Female,131.56.153.178
572,Cyrille,Dericut,cdericutfv@newsvine.com,Male,14.194.61.162
573,Bill,Langer,blangerfw@timesonline.co.uk,Male,106.135.169.12
574,Mireille,Greatbach,mgreatbachfx@vkontakte.ru,Female,227.31.136.58
575,Orton,Marzelli,omarzellify@usgs.gov,Male,8.143.121.93
576,Talyah,Brasener,tbrasenerfz@wsj.com,Female,64.6.183.163
577,Randy,Clandillon,rclandillong0@java.com,Polygender,218.179.169.137
578,Andreas,Bengough,abengoughg1@hatena.ne.jp,Male,156.250.71.204
579,Gracie,Hartzenberg,ghartzenbergg2@dedecms.com,Female,17.101.83.24
580,Ulberto,Bridgett,ubridgettg3@blinklist.com,Male,47.99.183.179
581,Tildie,Hartop,thartopg4@sun.com,Female,114.84.74.18
582,Lynnea,Harrell,lharrellg5@taobao.com,Female,114.243.80.29
583,Katrine,Reast,kreastg6@berkeley.edu,Female,238.239.33.135
584,Lara,Escalera,lescalerag7@icq.com,Female,192.71.176.86
585,Liam,Nevison,lnevisong8@dailymail.co.uk,Male,209.65.251.137
586,Silvanus,Scandred,sscandredg9@who.int,Male,79.68.228.174
587,Carmon,Washbrook,cwashbrookga@com.com,Female,59.64.9.217
588,Nichol,Platts,nplattsgb@mac.com,Female,121.44.222.44
589,Whitman,Licas,wlicasgc@imageshack.us,Male,86.175.142.202
590,Clarine,Woollard,cwoollardgd@mapquest.com,Female,82.162.202.182
591,Kliment,McBryde,kmcbrydege@smh.com.au,Male,155.132.77.223
592,Kassi,Taylo,ktaylogf@opensource.org,Female,238.109.11.103
593,Gwynne,Donet,gdonetgg@smugmug.com,Female,162.70.79.68
594,Ruthi,Nash,rnashgh@istockphoto.com,Female,226.147.40.83
595,Hernando,Ponder,hpondergi@msu.edu,Male,113.236.73.172
596,Shaylyn,Kirckman,skirckmangj@youtube.com,Female,186.161.39.6
597,Hiram,Peake,hpeakegk@vinaora.com,Male,197.169.96.148
598,Ida,Gavriel,igavrielgl@stumbleupon.com,Female,34.158.189.87
599,Valera,Whild,vwhildgm@gmpg.org,Female,208.65.236.157
600,Orbadiah,Stutter,ostuttergn@moonfruit.com,Male,54.27.2.157
601,Wilona,Slocumb,wslocumbgo@slate.com,Female,88.188.68.95
602,Viola,Connell,vconnellgp@spotify.com,Female,84.139.88.194
603,Larine,Ough,loughgq@toplist.cz,Female,156.147.227.249
604,Luke,Husher,lhushergr@comcast.net,Male,3.35.242.98
605,Sherry,Gourlay,sgourlaygs@si.edu,Female,173.220.64.177
606,Aloise,Laughrey,alaughreygt@dagondesign.com,Female,151.150.183.206
607,Ravid,Champkins,rchampkinsgu@flavors.me,Male,166.99.78.203
608,Brunhilda,Beswell,bbeswellgv@com.com,Female,201.200.85.170
609,Nicolis,Kleine,nkleinegw@github.com,Male,104.85.32.119
610,Lilyan,Lowne,llownegx@tripod.com,Non-binary,117.48.229.73
611,Albie,Larrat,alarratgy@sun.com,Male,250.173.86.196
612,Waylon,Canning,wcanninggz@craigslist.org,Male,70.175.186.158
613,Priscilla,Skym,pskymh0@desdev.cn,Female,69.22.76.222
614,Monti,Franek,mfranekh1@infoseek.co.jp,Male,92.199.127.18
615,Guntar,Lowthorpe,glowthorpeh2@mac.com,Male,84.54.182.195
616,Dill,McElrath,dmcelrathh3@sun.com,Male,70.108.134.201
617,Brit,Morriss,bmorrissh4@narod.ru,Male,238.206.211.73
618,Jena,Crosher,jcrosherh5@eventbrite.com,Female,66.102.27.246
619,Annora,Merida,ameridah6@wiley.com,Female,239.163.18.6
620,Danila,Labarre,dlabarreh7@ifeng.com,Female,77.36.30.229
621,Skip,Garritley,sgarritleyh8@jigsy.com,Male,110.38.146.11
622,Garek,Goroni,ggoronih9@engadget.com,Male,198.229.195.228
623,Crissy,Kruse,ckruseha@slashdot.org,Female,43.244.58.156
624,Sumner,Philipps,sphilippshb@ask.com,Male,203.143.74.191
625,Gerda,Braunthal,gbraunthalhc@shareasale.com,Female,142.78.248.99
626,Patty,Howlings,phowlingshd@cocolog-nifty.com,Female,12.101.49.139
627,Viki,Duchart,vducharthe@oracle.com,Female,41.20.232.171
628,Ricard,Emerton,remertonhf@google.co.uk,Agender,213.67.130.162
629,Egbert,Dudgeon,edudgeonhg@nasa.gov,Male,186.33.69.212
630,Deonne,Sivill,dsivillhh@nationalgeographic.com,Female,224.121.86.146
631,Sargent,McKinty,smckintyhi@foxnews.com,Male,78.43.194.113
632,Lanita,Cesaric,lcesarichj@rambler.ru,Female,60.201.133.238
633,Karalee,Strass,kstrasshk@mozilla.org,Female,197.81.217.144
634,Betteanne,Heustice,bheusticehl@slashdot.org,Female,1.37.27.184
635,Freddie,Sleath,fsleathhm@ucsd.edu,Female,181.212.64.218
636,Lari,Vinecombe,lvinecombehn@friendfeed.com,Female,155.126.109.88
637,Ketty,Gadie,kgadieho@cpanel.net,Female,192.252.34.129
638,Francklin,Joan,fjoanhp@bigcartel.com,Male,189.68.145.151
639,Isiahi,Hedan,ihedanhq@ed.gov,Male,82.150.102.69
640,Tandi,Drinnan,tdrinnanhr@yahoo.co.jp,Female,130.28.213.228
641,Charo,Callan,ccallanhs@salon.com,Female,220.234.190.105
642,Pauly,Simonyi,psimonyiht@sourceforge.net,Female,124.96.50.25
643,Maynard,Gepson,mgepsonhu@jalbum.net,Male,250.65.90.29
644,Homer,Pinnijar,hpinnijarhv@earthlink.net,Male,245.249.63.18
645,Rosalia,Mabbott,rmabbotthw@tamu.edu,Non-binary,133.151.171.4
646,Ulick,Boltwood,uboltwoodhx@nydailynews.com,Male,8.101.77.73
647,Faye,Schimank,fschimankhy@csmonitor.com,Female,252.67.208.71
648,Cynde,Carlow,ccarlowhz@domainmarket.com,Female,247.230.202.253
649,Jules,Golborne,jgolbornei0@usgs.gov,Male,80.88.241.64
650,Isabeau,Offa,ioffai1@boston.com,Female,180.6.149.156
651,Quinton,Eagle,qeaglei2@de.vu,Male,167.137.138.90
652,Vin,Pipworth,vpipworthi3@networkadvertising.org,Male,90.247.174.71
653,Raymond,Rafe,rrafei4@usa.gov,Male,130.243.200.75
654,Roderick,Daniells,rdaniellsi5@blinklist.com,Male,144.27.112.221
655,Candis,Vasilkov,cvasilkovi6@facebook.com,Female,127.21.112.62
656,Wyndham,Scruton,wscrutoni7@baidu.com,Male,220.63.189.129
657,Georgianna,Valenta,gvalentai8@merriam-webster.com,Genderqueer,52.162.136.214
658,Bing,Jurek,bjureki9@mashable.com,Male,149.122.82.35
659,Ollie,Pittel,opittelia@ted.com,Male,32.101.124.225
660,Martino,Challicum,mchallicumib@trellian.com,Male,181.97.225.187
661,Ogden,Menghi,omenghiic@unblog.fr,Male,17.133.10.142
662,Kassie,Calvert,kcalvertid@blogtalkradio.com,Female,24.213.47.10
663,Patrice,Robb,probbie@squarespace.com,Male,26.145.89.216
664,Silas,Lyster,slysterif@ebay.com,Male,21.223.132.97
665,Margalo,Storks,mstorksig@google.ca,Female,168.153.238.80
666,Perceval,Eicke,peickeih@vk.com,Male,8.20.94.57
667,Devlin,Riteley,driteleyii@npr.org,Male,241.45.122.218
668,Jeffrey,Childerley,jchilderleyij@imgur.com,Male,242.130.120.96
669,Hamil,Landal,hlandalik@skyrock.com,Male,73.37.166.117
670,Charita,Paul,cpaulil@nydailynews.com,Genderfluid,114.66.53.235
671,Sebastiano,Marre,smarreim@ft.com,Polygender,108.113.240.230
672,Morgana,Pinnegar,mpinnegarin@sakura.ne.jp,Female,74.41.212.137
673,Evey,Probin,eprobinio@linkedin.com,Female,34.44.244.123
674,Bennie,Delepine,bdelepineip@theatlantic.com,Male,39.93.121.254
675,Mab,Attack,mattackiq@issuu.com,Female,144.17.207.116
676,Illa,Klouz,iklouzir@arizona.edu,Female,250.253.213.134
677,Barnebas,Toynbee,btoynbeeis@arizona.edu,Male,254.191.204.19
678,Nona,Stanlake,nstanlakeit@mozilla.com,Female,53.37.149.97
679,Aldridge,Stendell,astendelliu@list-manage.com,Non-binary,227.29.204.86
680,Dorolisa,Windeatt,dwindeattiv@patch.com,Female,126.122.58.253
681,Celie,Speedin,cspeediniw@nature.com,Female,131.103.41.20
682,Cassie,Berger,cbergerix@discovery.com,Male,154.116.222.159
683,Alyss,Cawson,acawsoniy@china.com.cn,Female,162.244.214.26
684,Jilli,O'Carrol,jocarroliz@odnoklassniki.ru,Female,210.251.204.195
685,Ashly,Reimer,areimerj0@ovh.net,Female,48.205.87.9
686,Carce,Bartolic,cbartolicj1@printfriendly.com,Male,90.231.80.12
687,Noach,Peasgood,npeasgoodj2@flickr.com,Male,199.103.24.236
688,Guglielmo,Lumsden,glumsdenj3@yellowbook.com,Male,176.173.162.102
689,Jillian,Jouanot,jjouanotj4@spiegel.de,Agender,178.212.175.237
690,Natalie,Myrtle,nmyrtlej5@live.com,Female,247.144.7.195
691,Iris,Ibbett,iibbettj6@mtv.com,Female,236.59.223.42
692,Brigit,Fritschmann,bfritschmannj7@ihg.com,Female,177.34.222.155
693,Bobina,Vakhlov,bvakhlovj8@altervista.org,Female,132.202.17.251
694,Vallie,Perryn,vperrynj9@flickr.com,Female,202.180.50.150
695,Lura,Lappine,llappineja@scientificamerican.com,Female,71.55.94.186
696,Jae,Marfell,jmarfelljb@webeden.co.uk,Male,72.150.51.188
697,Cornela,Bazoge,cbazogejc@cafepress.com,Female,105.57.53.0
698,Taber,Stainton - Skinn,tstaintonskinnjd@istockphoto.com,Male,91.64.79.30
699,Dilan,Figure,dfigureje@nyu.edu,Male,170.38.248.242
700,Dolph,Mulderrig,dmulderrigjf@yellowbook.com,Genderqueer,220.184.181.190
701,Hally,Tudball,htudballjg@pinterest.com,Female,210.174.159.139
702,Ardelle,Jacobsohn,ajacobsohnjh@macromedia.com,Bigender,239.212.50.64
703,Charlie,Jealous,cjealousji@oracle.com,Male,133.25.173.144
704,Stephanie,Giacomuzzo,sgiacomuzzojj@booking.com,Female,165.54.176.1
705,Amy,Lelande,alelandejk@furl.net,Female,160.253.7.101
706,Pauly,Sterry,psterryjl@thetimes.co.uk,Genderfluid,37.252.123.41
707,Sonny,Date,sdatejm@intel.com,Female,32.114.117.61
708,Meyer,Saing,msaingjn@nsw.gov.au,Male,69.177.21.152
709,Jordanna,Piesold,jpiesoldjo@statcounter.com,Female,225.68.56.99
710,Terese,Plant,tplantjp@paginegialle.it,Bigender,53.197.168.68
711,Julius,Veld,jveldjq@wufoo.com,Male,220.194.137.158
712,Iain,Oby,iobyjr@soundcloud.com,Male,255.237.31.235
713,Alasdair,Charlin,acharlinjs@msu.edu,Male,156.58.250.102
714,Krispin,Dewer,kdewerjt@stumbleupon.com,Male,146.100.158.191
715,Carmencita,Seedhouse,cseedhouseju@epa.gov,Female,28.21.37.253
716,Cly,Sheers,csheersjv@prweb.com,Male,18.250.169.12
717,Marysa,Melbert,mmelbertjw@constantcontact.com,Female,22.127.56.112
718,Puff,Simonaitis,psimonaitisjx@delicious.com,Bigender,194.182.26.190
719,Neysa,Vsanelli,nvsanellijy@narod.ru,Female,116.239.87.54
720,Moyna,Edlyn,medlynjz@cyberchimps.com,Female,152.75.197.255
721,Traci,Morican,tmoricank0@ted.com,Female,240.178.240.193
722,Thomasin,Brotherhed,tbrotherhedk1@bloglovin.com,Polygender,5.63.248.112
723,Munroe,Edlington,medlingtonk2@live.com,Male,130.39.18.91
724,Bryce,Otto,bottok3@fda.gov,Male,211.38.166.97
725,Cleavland,Swinglehurst,cswinglehurstk4@whitehouse.gov,Male,182.200.140.251
726,Ardine,Copestick,acopestickk5@webmd.com,Female,119.217.32.145
727,Benson,Gannaway,bgannawayk6@purevolume.com,Male,10.129.114.137
728,Christin,Scamadine,cscamadinek7@cocolog-nifty.com,Genderqueer,59.78.29.72
729,Martina,Winwood,mwinwoodk8@washingtonpost.com,Female,31.245.166.241
730,Gallagher,Varns,gvarnsk9@typepad.com,Male,46.56.255.52
731,Ludvig,Oppery,lopperyka@nhs.uk,Male,215.41.95.226
732,Marin,Jenny,mjennykb@google.co.jp,Female,23.118.144.147
733,Mendie,Hegges,mheggeskc@sohu.com,Bigender,86.67.78.123
734,Mira,Tatum,mtatumkd@scribd.com,Female,29.197.29.87
735,Butch,Trimby,btrimbyke@cnn.com,Male,235.195.157.136
736,Faina,Domonkos,fdomonkoskf@state.tx.us,Female,183.121.220.7
737,Tam,Hooks,thookskg@qq.com,Male,111.64.44.94
738,Bethanne,Risborough,brisboroughkh@shutterfly.com,Female,184.252.179.39
739,Liuka,Picard,lpicardki@samsung.com,Female,167.136.20.189
740,Vin,O'Brien,vobrienkj@desdev.cn,Female,187.135.241.45
741,Scott,Kernocke,skernockekk@utexas.edu,Male,55.195.182.96
742,Constantin,Catcherside,ccatchersidekl@wiley.com,Male,144.81.73.207
743,Jayme,Klezmski,jklezmskikm@unc.edu,Female,184.172.19.150
744,Denys,Jobes,djobeskn@blogger.com,Female,119.59.188.41
745,Vinnie,Colkett,vcolkettko@china.com.cn,Female,63.147.16.153
746,Zachariah,Eplett,zeplettkp@ning.com,Male,21.135.211.77
747,Tye,MacCallum,tmaccallumkq@archive.org,Male,224.204.205.248
748,Annalise,Benda,abendakr@bbc.co.uk,Bigender,170.171.23.144
749,Armstrong,Slateford,aslatefordks@parallels.com,Male,132.56.208.192
750,Pattie,Papa,ppapakt@yahoo.co.jp,Female,193.169.230.36
751,Reider,Currm,rcurrmku@harvard.edu,Male,204.7.65.33
752,Norrie,Tomkin,ntomkinkv@cisco.com,Female,70.213.109.98
753,Phillip,Rosten,prostenkw@pen.io,Male,81.179.68.125
754,Tally,Harlin,tharlinkx@stumbleupon.com,Male,121.0.86.245
755,Thorvald,Metzel,tmetzelky@php.net,Male,46.144.64.157
756,Sawyere,Manger,smangerkz@angelfire.com,Male,27.233.144.170
757,Eziechiele,Clausen,eclausenl0@devhub.com,Male,30.123.169.198
758,Henrieta,Sabey,hsabeyl1@wikia.com,Female,78.129.162.190
759,Giuditta,Denyukhin,gdenyukhinl2@woothemes.com,Female,227.207.82.165
760,Carin,Duhig,cduhigl3@engadget.com,Female,62.47.51.199
761,Culver,Faust,cfaustl4@newsvine.com,Male,154.216.179.195
762,Salaidh,Phorsby,sphorsbyl5@wordpress.com,Female,1.88.1.27
763,Gianina,Bootell,gbootelll6@dion.ne.jp,Female,86.72.225.54
764,Hazel,Codron,hcodronl7@people.com.cn,Female,20.97.5.224
765,Ddene,Sainteau,dsainteaul8@jimdo.com,Female,205.184.95.105
766,Gene,Markwick,gmarkwickl9@deviantart.com,Female,17.38.211.137
767,Giffie,Hastelow,ghastelowla@slate.com,Genderqueer,173.21.244.181
768,Gertrude,Gross,ggrosslb@mail.ru,Female,123.193.95.2
769,Kelly,Brick,kbricklc@chron.com,Male,86.37.247.113
770,York,Gyurko,ygyurkold@cmu.edu,Male,99.231.22.112
771,Elvin,Stains,estainsle@bloglovin.com,Male,217.217.74.246
772,Lezley,Rothert,lrothertlf@jimdo.com,Male,1.247.98.173
773,Braden,Hucks,bhuckslg@privacy.gov.au,Male,110.137.203.68
774,Dukie,Wisniewski,dwisniewskilh@pbs.org,Male,15.238.72.153
775,Niles,Arro,narroli@webs.com,Male,19.129.237.100
776,Camille,Morby,cmorbylj@shareasale.com,Female,242.221.113.74
777,Greta,Butterfint,gbutterfintlk@elpais.com,Female,177.83.57.119
778,Darleen,Widdop,dwiddopll@sohu.com,Female,134.61.71.216
779,Gaspar,Kimmel,gkimmellm@auda.org.au,Male,12.137.172.55
780,Jobey,Pain,jpainln@merriam-webster.com,Female,36.51.147.186
781,Mychal,Dalgliesh,mdalglieshlo@infoseek.co.jp,Male,64.192.134.98
782,Skelly,Spellissy,sspellissylp@vinaora.com,Male,240.81.43.239
783,Ilyssa,Nation,inationlq@newyorker.com,Female,218.24.13.77
784,Duffie,Argont,dargontlr@istockphoto.com,Male,77.235.213.69
785,Sibilla,Keeton,skeetonls@angelfire.com,Female,84.26.127.140
786,Esma,Habbert,ehabbertlt@booking.com,Female,180.126.154.54
787,Walsh,Ridwood,wridwoodlu@topsy.com,Male,14.191.52.28
788,Eward,Handford,ehandfordlv@wsj.com,Male,94.58.61.35
789,Sigfried,Cull,sculllw@java.com,Male,160.56.108.140
790,Bradley,Peyro,bpeyrolx@hexun.com,Male,179.112.39.55
791,Elinor,Stening,esteningly@jigsy.com,Female,155.198.176.73
792,Bertram,Tivers,btiverslz@opensource.org,Male,243.138.97.99
793,Emerson,Speirs,espeirsm0@si.edu,Male,132.196.144.255
794,Perice,Shoorbrooke,pshoorbrookem1@seattletimes.com,Male,80.123.109.42
795,Benedetto,Grimme,bgrimmem2@1688.com,Male,87.197.2.179
796,Ken,Piggins,kpigginsm3@zdnet.com,Male,191.59.167.132
797,Allyson,Gowry,agowrym4@blogspot.com,Female,213.157.250.254
798,Laurice,Fears,lfearsm5@dyndns.org,Female,129.60.250.38
799,Grover,Wetherill,gwetherillm6@exblog.jp,Male,45.134.124.67
800,Hyacintha,Jessop,hjessopm7@yellowpages.com,Female,141.129.254.162
801,Claudio,Taillant,ctaillantm8@ucla.edu,Male,242.132.166.108
802,Tanhya,Brodley,tbrodleym9@economist.com,Female,23.163.186.142
803,Lynnea,Broscombe,lbroscombema@nhs.uk,Female,238.55.165.91
804,Ingar,Griggs,igriggsmb@soundcloud.com,Male,86.19.166.33
805,Yevette,Francke,yfranckemc@shinystat.com,Female,21.39.17.76
806,Fiann,Charnock,fcharnockmd@sina.com.cn,Genderfluid,167.240.249.198
807,Cam,Carillo,ccarillome@boston.com,Male,126.244.210.67
808,Marian,Deeney,mdeeneymf@china.com.cn,Polygender,58.55.108.64
809,Tedra,Gauvin,tgauvinmg@paginegialle.it,Female,123.125.161.216
810,Briana,Verbeke,bverbekemh@soundcloud.com,Female,16.226.75.225
811,Antonetta,Woollaston,awoollastonmi@jiathis.com,Female,252.229.135.220
812,Reed,Howson,rhowsonmj@ucoz.ru,Male,8.227.41.215
813,Trula,Strodder,tstroddermk@google.co.jp,Female,22.121.133.80
814,Guilbert,Fearnill,gfearnillml@merriam-webster.com,Male,179.81.26.21
815,Ingram,Habbershon,ihabbershonmm@studiopress.com,Male,82.194.100.52
816,Kippy,Czaja,kczajamn@soup.io,Male,93.143.53.230
817,Sayer,Tugwell,stugwellmo@imageshack.us,Male,181.173.137.246
818,Gilligan,Crome,gcromemp@livejournal.com,Female,58.178.133.199
819,Saudra,Kennedy,skennedymq@admin.ch,Female,8.211.181.133
820,Georgetta,Crankhorn,gcrankhornmr@cdbaby.com,Female,232.104.238.110
821,Lem,Kopke,lkopkems@psu.edu,Male,84.194.232.80
822,Leia,Frankiewicz,lfrankiewiczmt@google.nl,Female,70.205.1.122
823,Arri,Rimer,arimermu@slideshare.net,Male,251.47.125.55
824,Yuri,Cartman,ycartmanmv@about.me,Male,18.209.127.111
825,Catarina,Brinded,cbrindedmw@tiny.cc,Female,75.172.85.231
826,Nichole,Kennon,nkennonmx@clickbank.net,Female,161.41.87.16
827,Maggie,Shemilt,mshemiltmy@wired.com,Female,203.111.232.135
828,Ursuline,Pattemore,upattemoremz@clickbank.net,Polygender,85.242.172.200
829,Patric,Newey,pneweyn0@cmu.edu,Male,157.59.119.208
830,Justino,Kovnot,jkovnotn1@weebly.com,Male,134.183.156.2
831,Leon,Thornthwaite,lthornthwaiten2@icq.com,Male,197.0.230.32
832,Tobiah,Ellington,tellingtonn3@posterous.com,Genderqueer,245.207.148.147
833,Mile,Bendixen,mbendixenn4@deliciousdays.com,Male,109.2.91.74
834,Mariam,Dufore,mduforen5@pen.io,Female,124.253.221.172
835,Virgie,Knocker,vknockern6@stumbleupon.com,Female,185.206.24.61
836,Constanta,Need,cneedn7@homestead.com,Female,64.71.200.57
837,Heall,Rives,hrivesn8@bbc.co.uk,Male,54.151.209.223
838,Alice,Overbury,aoverburyn9@cdbaby.com,Female,143.203.205.192
839,Jorgan,Mintram,jmintramna@addthis.com,Male,68.40.115.25
840,Field,Licquorish,flicquorishnb@cbsnews.com,Male,240.252.115.83
841,Lemmie,Grinyov,lgrinyovnc@plala.or.jp,Male,40.246.194.109
842,Marion,Heymann,mheymannnd@fema.gov,Male,163.133.171.204
843,Dave,Fitzpatrick,dfitzpatrickne@blinklist.com,Male,14.97.57.162
844,Saundra,Condon,scondonnf@java.com,Male,87.54.193.65
845,Kailey,Millichap,kmillichapng@java.com,Female,115.133.34.148
846,Chelsy,Mollnar,cmollnarnh@vk.com,Female,83.90.120.120
847,Franky,Guerry,fguerryni@cisco.com,Female,213.84.40.239
848,Emmalee,Doughty,edoughtynj@ameblo.jp,Female,11.156.118.86
849,Husain,Aarons,haaronsnk@hatena.ne.jp,Male,157.27.239.228
850,Alf,Hampstead,ahampsteadnl@hatena.ne.jp,Male,53.133.87.238
851,Ingaberg,O' Shea,iosheanm@dion.ne.jp,Agender,189.80.193.155
852,Tobye,Lidgely,tlidgelynn@fastcompany.com,Bigender,52.106.65.36
853,Tibold,Guarin,tguarinno@networksolutions.com,Non-binary,84.229.2.121
854,Jillian,Alfwy,jalfwynp@biglobe.ne.jp,Female,138.203.194.231
855,Justus,Butt Gow,jbuttgownq@unicef.org,Agender,95.42.13.162
856,Corrinne,Spurgin,cspurginnr@vimeo.com,Female,100.25.209.59
857,Avictor,Coutthart,acoutthartns@studiopress.com,Male,129.129.173.159
858,Lorenza,Alban,lalbannt@deviantart.com,Female,200.223.140.247
859,Douglas,Maudling,dmaudlingnu@bing.com,Male,10.38.3.104
860,Cecelia,Osgerby,cosgerbynv@myspace.com,Female,201.127.98.12
861,Jorgan,Ibel,jibelnw@liveinternet.ru,Male,99.52.56.57
862,Guillema,Tidgewell,gtidgewellnx@flickr.com,Female,229.51.79.193
863,Rowe,Angear,rangearny@wufoo.com,Female,232.249.9.137
864,Delphinia,Ashment,dashmentnz@sitemeter.com,Female,59.28.167.57
865,Petunia,Scohier,pscohiero0@skype.com,Female,198.152.68.124
866,Lin,McComb,lmccombo1@npr.org,Male,2.220.82.127
867,Jaye,Tembey,jtembeyo2@biblegateway.com,Male,18.221.119.80
868,Nerte,Giotto,ngiottoo3@163.com,Female,11.240.28.106
869,Clarine,Valens-Smith,cvalenssmitho4@shop-pro.jp,Female,224.27.161.255
870,Frannie,Sabbatier,fsabbatiero5@globo.com,Male,209.7.210.253
871,Selinda,Cayette,scayetteo6@thetimes.co.uk,Female,227.19.178.157
872,Kim,Navarijo,knavarijoo7@youku.com,Female,198.178.172.89
873,Fayina,Haxbie,fhaxbieo8@elpais.com,Female,132.26.46.54
874,Luz,Zarfai,lzarfaio9@cdc.gov,Female,126.2.114.38
875,Alie,Allmark,aallmarkoa@gravatar.com,Female,35.8.109.110
876,Samuel,Brennenstuhl,sbrennenstuhlob@newsvine.com,Male,214.209.219.228
877,Tremain,Fallow,tfallowoc@ocn.ne.jp,Male,11.77.177.13
878,Erin,Trobridge,etrobridgeod@nasa.gov,Bigender,115.0.81.181
879,Sindee,Sare,ssareoe@about.com,Bigender,64.222.202.204
880,Kenn,Scroggie,kscroggieof@alexa.com,Male,58.148.31.4
881,Hurley,Brabon,hbrabonog@skyrock.com,Male,211.24.25.130
882,Marysa,Geeritz,mgeeritzoh@java.com,Female,118.159.191.218
883,Gabriel,Dabnot,gdabnotoi@mlb.com,Male,190.45.182.250
884,Ginny,Twinbrow,gtwinbrowoj@umn.edu,Bigender,72.148.162.188
885,Debby,Boyn,dboynok@baidu.com,Female,88.2.76.73
886,Roberto,Monkman,rmonkmanol@ibm.com,Male,109.243.51.224
887,Martguerita,MacCoughen,mmaccoughenom@moonfruit.com,Female,255.184.59.122
888,Correy,Ulrik,culrikon@linkedin.com,Female,25.161.110.180
889,Traver,Alcalde,talcaldeoo@google.nl,Male,37.189.245.158
890,Stern,Gazzard,sgazzardop@thetimes.co.uk,Male,245.130.77.147
891,Eadith,Banes,ebanesoq@flickr.com,Female,32.206.110.219
892,Hannah,Lafaye,hlafayeor@elegantthemes.com,Female,54.198.199.32
893,Julius,Buye,jbuyeos@timesonline.co.uk,Male,64.150.21.5
894,Timmi,Maxworthy,tmaxworthyot@umn.edu,Female,155.221.69.177
895,Henry,Stewart,hstewartou@ca.gov,Male,190.223.39.29
896,Harp,Gorelli,hgorelliov@examiner.com,Male,214.97.44.112
897,Man,Ivannikov,mivannikovow@wordpress.com,Male,223.84.169.239
898,Jenilee,Kennealy,jkennealyox@51.la,Female,206.122.228.57
899,Druci,Cawsy,dcawsyoy@msu.edu,Female,214.46.37.250
900,Ingelbert,MacCafferky,imaccafferkyoz@upenn.edu,Male,210.97.206.252
901,Aundrea,Plewman,aplewmanp0@eventbrite.com,Female,150.41.194.75
902,Drusi,Lempertz,dlempertzp1@huffingtonpost.com,Female,219.24.99.96
903,Leanor,Kasper,lkasperp2@ox.ac.uk,Female,139.173.176.164
904,Alejoa,Mazillius,amazilliusp3@prnewswire.com,Male,35.248.174.200
905,Koralle,Stieger,kstiegerp4@people.com.cn,Female,183.75.134.128
906,Lira,Coxwell,lcoxwellp5@qq.com,Female,16.237.235.104
907,Uriel,Tollit,utollitp6@networksolutions.com,Non-binary,223.37.156.77
908,Janifer,Botton,jbottonp7@posterous.com,Female,154.40.217.142
909,Raeann,Lawty,rlawtyp8@last.fm,Female,176.118.243.124
910,Dun,Philpault,dphilpaultp9@blogtalkradio.com,Bigender,140.123.178.114
911,Velma,Edelston,vedelstonpa@google.com,Female,95.207.31.167
912,Garek,Regitz,gregitzpb@etsy.com,Male,229.190.135.0
913,Fina,Candy,fcandypc@bluehost.com,Female,148.182.195.23
914,Archy,Cornill,acornillpd@patch.com,Male,14.47.15.131
915,Molly,Zieme,mziemepe@mit.edu,Female,88.43.229.36
916,Edvard,Hoffmann,ehoffmannpf@xrea.com,Male,79.181.22.62
917,Chlo,Agnolo,cagnolopg@baidu.com,Female,52.226.127.105
918,Antonio,Rosbottom,arosbottomph@macromedia.com,Male,162.243.177.235
919,Carney,Rosenstein,crosensteinpi@webnode.com,Genderfluid,220.243.119.23
920,Valentino,Naisbitt,vnaisbittpj@ted.com,Male,52.157.103.211
921,Carter,Stitcher,cstitcherpk@newsvine.com,Male,100.75.196.54
922,Frederigo,Freeburn,ffreeburnpl@people.com.cn,Male,97.162.19.90
923,Colly,Sowter,csowterpm@bbb.org,Female,167.55.112.212
924,Ross,Mizen,rmizenpn@comcast.net,Male,83.158.142.96
925,Carie,Phalip,cphalippo@tinyurl.com,Female,243.19.85.95
926,Viviana,Fance,vfancepp@theguardian.com,Female,166.208.136.59
927,Walden,McPhail,wmcphailpq@time.com,Male,152.108.237.107
928,Cointon,Gerrans,cgerranspr@washington.edu,Male,241.250.152.197
929,Dacia,Rousell,drousellps@csmonitor.com,Female,156.151.145.149
930,Ettie,Gonzales,egonzalespt@friendfeed.com,Female,58.99.57.8
931,Selena,Ogborn,sogbornpu@oaic.gov.au,Female,244.81.16.181
932,Randy,Figgures,rfiggurespv@mozilla.com,Male,62.69.157.229
933,Antons,Pomfrey,apomfreypw@sciencedirect.com,Male,166.84.4.80
934,Verne,Risom,vrisompx@google.es,Male,105.162.196.194
935,Clarinda,Avraam,cavraampy@nationalgeographic.com,Polygender,49.209.169.15
936,Isiahi,Witherup,iwitheruppz@usnews.com,Male,31.220.41.120
937,Chicky,Samber,csamberq0@businessinsider.com,Female,7.165.214.107
938,Kimberli,Charles,kcharlesq1@china.com.cn,Female,16.222.213.191
939,Bryon,Fanthom,bfanthomq2@biblegateway.com,Male,154.112.255.75
940,Gaultiero,Dwire,gdwireq3@pinterest.com,Male,107.82.151.130
941,Marchelle,D'Aubney,mdaubneyq4@mediafire.com,Female,152.203.153.79
942,Tallia,Dacey,tdaceyq5@google.ca,Female,20.153.148.111
943,Ulric,Cane,ucaneq6@wikispaces.com,Male,254.213.93.155
944,Clair,Goldster,cgoldsterq7@vistaprint.com,Male,97.135.206.171
945,Ursulina,Charlson,ucharlsonq8@w3.org,Female,91.93.154.12
946,Lucais,MacIlwrick,lmacilwrickq9@biglobe.ne.jp,Male,82.7.226.206
947,Adrian,Arnholz,aarnholzqa@cam.ac.uk,Male,92.214.8.78
948,Glyn,McIlhagga,gmcilhaggaqb@wisc.edu,Female,11.21.61.101
949,Beale,Bendell,bbendellqc@smh.com.au,Male,137.217.207.7
950,Robbin,Kilmurray,rkilmurrayqd@hud.gov,Female,161.5.247.131
951,Milli,Amey,mameyqe@furl.net,Female,250.13.135.18
952,Elnar,Brewood,ebrewoodqf@blinklist.com,Male,20.173.159.62
953,Mata,Billingham,mbillinghamqg@jiathis.com,Male,46.132.50.154
954,Timmie,Braz,tbrazqh@apple.com,Male,113.106.123.163
955,Rosemaria,Currier,rcurrierqi@lulu.com,Female,221.44.190.115
956,Maud,Jakubowski,mjakubowskiqj@t-online.de,Female,124.234.232.219
957,Merrily,O'Mohun,momohunqk@hao123.com,Non-binary,228.117.1.21
958,Dusty,Seth,dsethql@hhs.gov,Female,246.208.135.22
959,Rutter,Mathew,rmathewqm@abc.net.au,Male,124.192.166.108
960,Chaddie,Ruane,cruaneqn@usatoday.com,Male,121.7.126.4
961,Ximenez,Joy,xjoyqo@ftc.gov,Male,164.34.213.122
962,Marius,Allcott,mallcottqp@mozilla.com,Male,62.22.206.198
963,Bertine,Izakof,bizakofqq@booking.com,Female,55.29.79.87
964,Wadsworth,Morl,wmorlqr@ucla.edu,Male,98.158.210.98
965,Dagny,O'Kenny,dokennyqs@creativecommons.org,Male,126.79.238.64
966,Alexander,Beine,abeineqt@wix.com,Male,151.151.122.216
967,Marlin,Dobrowski,mdobrowskiqu@arizona.edu,Male,127.240.70.176
968,Lurette,Spleving,lsplevingqv@cornell.edu,Female,138.55.90.33
969,Wilone,Eyton,weytonqw@histats.com,Genderfluid,178.251.45.167
970,Vanya,Tysall,vtysallqx@stumbleupon.com,Male,45.62.122.213
971,Clio,Soigne,csoigneqy@google.co.uk,Female,245.196.3.125
972,Rianon,Cushe,rcusheqz@newyorker.com,Female,65.133.29.185
973,Tyne,Haggish,thaggishr0@furl.net,Female,47.53.41.157
974,Kelsy,Sarjent,ksarjentr1@ibm.com,Female,8.100.117.236
975,Tiffy,Caseborne,tcaseborner2@yahoo.co.jp,Female,229.183.31.65
976,Ciro,Mingardo,cmingardor3@purevolume.com,Male,14.158.93.130
977,Trevar,Itzhak,titzhakr4@illinois.edu,Male,87.54.236.221
978,Rey,Crowche,rcrowcher5@google.ru,Female,34.82.5.63
979,Langston,Garfoot,lgarfootr6@delicious.com,Non-binary,191.47.200.243
980,Tomasina,Bagnell,tbagnellr7@zdnet.com,Female,223.242.174.16
981,Maurits,Djurisic,mdjurisicr8@ucla.edu,Male,189.251.53.225
982,Redd,Crellin,rcrellinr9@soundcloud.com,Male,237.224.34.139
983,Doretta,Lote,dlotera@umn.edu,Female,10.40.132.38
984,Therine,Corbishley,tcorbishleyrb@yolasite.com,Female,33.185.29.234
985,Monro,Shirley,mshirleyrc@msn.com,Male,127.252.254.3
986,Row,Jachimak,rjachimakrd@engadget.com,Female,120.203.108.116
987,Paton,Pyper,ppyperre@hp.com,Male,201.69.232.223
988,Oates,Kunat,okunatrf@trellian.com,Bigender,118.235.214.52
989,Decca,Chomicz,dchomiczrg@drupal.org,Male,215.28.11.86
990,Mirna,Cossentine,mcossentinerh@devhub.com,Female,172.49.129.248
991,Bronnie,Buckleigh,bbuckleighri@pbs.org,Male,157.43.146.18
992,Juliette,Oleksiak,joleksiakrj@livejournal.com,Female,2.154.200.124
993,Man,Rennicks,mrennicksrk@phoca.cz,Polygender,146.154.231.104
994,Jedediah,Burchmore,jburchmorerl@google.com.hk,Male,239.60.7.240
995,Gloriane,Camelia,gcameliarm@gov.uk,Female,165.159.99.121
996,Rodolphe,Sloper,rsloperrn@live.com,Agender,81.163.74.124
997,Manya,Antoniewicz,mantoniewiczro@oracle.com,Female,118.104.154.100
998,Creighton,Leggitt,cleggittrp@msn.com,Male,228.200.104.8
999,Sholom,McCaskill,smccaskillrq@desdev.cn,Male,14.194.67.180
1000,Natty,Hortop,nhortoprr@accuweather.com,Male,175.123.27.180
