1,Candie,Whaymand,cwhaymand0@goodreads.com,Agender,5.255.163.1
2,Giffard,Lamps,glamps1@cam.ac.uk,Male,119.190.90.46
3,Kasper,Brandle,kbrandle2@netscape.com,Non-binary,54.36.57.49
4,Delmer,Maharey,dmaharey3@berkeley.edu,Non-binary,37.211.238.53
5,Papageno,Yeiles,pyeiles4@cocolog-nifty.com,Male,55.74.133.219
6,Noemi,Huggons,nhuggons5@dedecms.com,Agender,243.201.240.198
7,Raffarty,Hadleigh,rhadleigh6@nsw.gov.au,Male,232.1.86.156
8,Kelcey,Wildman,kwildman7@si.edu,Female,174.151.176.245
9,Casar,Hannant,channant8@dailymail.co.uk,Male,165.125.172.86
10,Torey,Yakubov,tyakubov9@columbia.edu,Female,184.138.226.217
11,Camilla,Ivakhnov,civakhnova@vk.com,Female,156.104.97.91
12,Sibyl,Tomaszkiewicz,stomaszkiewiczb@foxnews.com,Female,53.157.217.224
13,Devin,Lofts,dloftsc@is.gd,Female,127.24.181.123
14,Clarisse,Wesley,cwesleyd@cisco.com,Female,19.38.114.100
15,Donnie,Campana,dcampanae@smugmug.com,Genderqueer,191.142.34.3
16,Shani,Stockney,sstockneyf@mit.edu,Female,173.56.167.30
17,Kassandra,Houtbie,khoutbieg@jimdo.com,Female,1.104.176.204
18,Timofei,Hallford,thallfordh@netlog.com,Male,17.28.37.77
19,Darlleen,Hurley,dhurleyi@themeforest.net,Female,189.114.147.10
20,Lyndsay,Fenich,lfenichj@topsy.com,Female,207.184.225.227
21,Bartholomeo,Franzen,bfranzenk@cornell.edu,Male,77.55.25.17
22,Jocelyne,Clapton,jclaptonl@github.io,Female,0.247.225.59
23,Dill,Prene,dprenem@nasa.gov,Male,101.1.11.146
24,Dyanne,Hoggetts,dhoggettsn@smh.com.au,Female,166.14.44.197
25,Dewain,Scurrey,dscurreyo@businessinsider.com,Genderfluid,223.125.222.203
26,Margarethe,Wickwarth,mwickwarthp@seattletimes.com,Female,173.185.166.248
27,Gerry,Kennagh,gkennaghq@illinois.edu,Female,46.190.232.136
28,Hallie,Breckin,hbreckinr@ebay.com,Female,62.5.217.140
29,Chrysler,Giacomuzzo,cgiacomuzzos@miibeian.gov.cn,Female,185.91.137.17
30,Susette,Ketley,sketleyt@blogs.com,Female,108.146.31.61
31,Emmett,Spiteri,espiteriu@businessinsider.com,Male,21.69.226.73
32,Benedicto,Swafford,bswaffordv@wikimedia.org,Male,44.218.29.125
33,Austin,McRill,amcrillw@1688.com,Male,159.40.64.199
34,Addie,McQueen,amcqueenx@histats.com,Male,214.43.205.75
35,Anselma,Blackburne,ablackburney@answers.com,Female,252.112.152.121
36,Abdel,Housam,ahousamz@pagesperso-orange.fr,Male,40.218.131.252
37,Myrvyn,MacAlpyne,mmacalpyne10@google.co.jp,Male,62.152.14.81
38,Isabeau,Geharke,igeharke11@state.gov,Female,23.171.98.96
39,Benoite,Stranio,bstranio12@howstuffworks.com,Female,78.255.132.242
40,Daren,Lenglet,dlenglet13@bandcamp.com,Male,174.9.242.148
41,Jaine,Wing,jwing14@mtv.com,Genderfluid,97.119.7.35
42,Dannie,Stirland,dstirland15@sphinn.com,Male,250.139.158.105
43,Johnny,Bright,jbright16@gmpg.org,Male,2.99.41.28
44,Hilly,Tisor,htisor17@huffingtonpost.com,Male,166.85.3.28
45,Dion,Rayner,drayner18@acquirethisname.com,Male,181.79.114.1
46,Conway,Gomery,cgomery19@harvard.edu,Male,62.152.24.175
47,Ciro,Cassar,ccassar1a@auda.org.au,Male,75.33.103.226
48,Jamey,Dashper,jdashper1b@hibu.com,Male,92.141.235.180
49,Karlyn,Filintsev,kfilintsev1c@mapy.cz,Genderfluid,13.62.47.72
50,Lezlie,Howgate,lhowgate1d@unc.edu,Female,96.59.35.146
